"match_id","innings_1_score","runs_to_win","wickets_in_hand","bowler_runs","bowler_econ","bowler_wickets","bowler_boundaries","batsman_runs","batsman_sr","batsman_boundaries","non_striker_runs","non_striker_sr","non_striker_boundaries","bowler_eg_games","bowler_eg_runs","bowler_eg_economy","bowler_eg_wickets","batsman_eg_games","batsman_eg_runs","batsman_eg_sr","non_striker_eg_games","non_striker_eg_runs","non_striker_eg_sr","bowler_lt_games","bowler_lt_runs","bowler_lt_economy","bowler_lt_wickets","batsman_lt_games","batsman_lt_runs","batsman_lt_sr","non_striker_lt_games","non_striker_lt_runs","non_striker_lt_sr","match_result"
"829774","187","20","4","28","9.3333","1","5","4","133.3333","0","2","100.0000","0","78","1137","10.5604","60","6","47","180.7692","33","314","146.0465","102","2972","8.4753","125","8","54","158.8235","56","766","127.0315","Won"
"392241","170","26","4","33","11.0000","1","5","6","200.0000","1","1","50.0000","0","79","1058","10.7230","43","4","36","109.0909","20","97","112.7907","119","3342","7.9477","102","7","69","82.1429","21","117","105.4054","Won"
"392201","165","8","6","30","10.0000","1","5","62","116.9811","7","8","61.5385","0","58","877","10.4821","39","5","72","160.0000","4","36","109.0909","73","2083","8.2659","85","36","886","110.0621","7","69","82.1429","Lost"
"392234","134","11","4","20","10.0000","0","4","36","163.6364","5","0","0.0000","0","64","776","9.5215","41","73","1314","182.2469","20","97","112.7907","101","2703","7.9383","99","153","4207","131.3456","21","117","105.4054","Won"
"829732","127","5","6","23","7.6667","0","2","1","100.0000","0","14","116.6667","1","79","1058","10.7230","43","39","439","157.3477","33","314","146.0465","119","3342","7.9477","102","45","527","136.8831","56","766","127.0315","Lost"
"829792","201","18","3","34","11.3333","3","7","1","100.0000","0","26","371.4286","4","72","1006","8.7478","65","33","314","146.0465","23","345","182.5397","90","2404","7.2812","117","56","766","127.0315","28","439","166.2879","Won"
"829766","171","29","4","15","5.0000","0","2","15","136.3636","2",NULL,NULL,NULL,"66","1013","10.1300","57","35","410","143.3566","57","637","157.6733","93","2802","8.6660","107","64","1270","120.1514","67","975","142.7526","Won"
"548372","171","14","5","25","12.5000","0","4","81","152.8302","10","38","135.7143","5","19","229","9.3469","9","58","703","174.8756","86","1352","172.6692","37","750","8.1967","19","105","2416","126.6911","112","2354","147.6788","Lost"
"548384","187","46","2","8","8.0000","0","1","16","114.2857","2","5","250.0000","1","55","569","8.8906","24","20","86","89.5833","14","85","98.8372","112","2540","7.9169","89","20","88","88.8889","16","90","93.7500","Won"
"548360","173","16","3","18","6.0000","1","3","9","180.0000","1",NULL,NULL,NULL,"14","183","11.4375","7","20","168","152.7273","20","86","89.5833","17","497","8.0161","23","88","2385","135.8974","20","88","88.8889","Lost"
"548344","168","5","4","17","5.6667","2","1","15","375.0000","3","29","193.3333","3","23","339","9.8261","18","4","19","118.7500","58","703","174.8756","23","707","7.8994","31","5","32","106.6667","105","2416","126.6911","Lost"
"501237","181","44","5","18","6.0000","1","2","8","66.6667","1",NULL,NULL,NULL,"22","244","9.8919","16","32","477","180.6818","3","14","87.5000","38","1057","8.3447","48","143","3778","132.3292","3","20","76.9231","Won"
"501231","142","30","3","18","6.0000","1","1","14","100.0000","0","2","200.0000","0","24","297","7.6154","28","2","20","117.6471","2","3","100.0000","27","716","7.4583","43","2","26","118.1818","2","3","100.0000","Won"
"501246","160","33","4","25","8.3333","1","3","23","104.5455","1",NULL,NULL,NULL,"44","518","10.7917","27","32","477","180.6818","2","2","66.6667","81","1785","8.9324","67","143","3778","132.3292","2","2","66.6667","Won"
"980942","180","7","7","23","7.6667","0","3","11","137.5000","1","49","128.9474","3","69","927","9.9499","54","80","753","137.6600","60","704","158.2022","94","2490","8.0323","100","108","1732","123.8027","134","2903","126.2174","Lost"
"980960","154","30","2","25","8.3333","0","4","32","128.0000","3",NULL,NULL,NULL,"36","509","11.0253","26","39","439","157.3477","14","85","98.8372","56","1623","7.9494","76","45","527","136.8831","16","90","93.7500","Won"
"980968","164","12","4","21","7.0000","3","2","20","333.3333","3","10","111.1111","1","22","281","11.0196","15","32","327","148.6364","14","167","168.6869","34","917","8.7195","36","42","606","128.1184","24","342","125.7353","Won"
"980982","175","17","6","37","12.3333","0","6","8","133.3333","1","20","117.6471","2","6","120","12.0000","5","2","14","116.6667","4","55","144.7368","10","276","9.5172","14","3","14","107.6923","8","163","123.4848","Won"
"980946","189","39","3","14","4.6667","3","0","17","170.0000","2",NULL,NULL,NULL,"41","688","9.8286","27","41","672","192.5501","18","81","109.4595","47","1433","8.2435","53","64","1563","141.8330","20","112","109.8039","Won"
"501224","132","14","2","14","4.6667","2","1","7","140.0000","1","9","128.5714","1","78","1137","10.5604","60","12","70","120.6897","41","251","145.9302","102","2972","8.4753","125","13","88","107.3171","47","342","120.4225","Won"
"501247","156","25","5","37","12.3333","0","7",NULL,NULL,NULL,"0","0.0000","0","64","831","9.4611","55","16","235","162.0690","18","112","130.2326","82","2411","8.1499","100","23","394","128.3388","19","124","129.1667","Won"
"335995","214","17","3","28","14.0000","0","4","1","100.0000","0","6","120.0000","1","11","147","10.6265","6","5","7","58.3333","21","137","104.5802","30","694","7.9013","23","5","7","58.3333","27","198","92.9577","Lost"
"729322","172","20","4","9","9.0000","1","1","78","165.9574","9","4","200.0000","1","64","776","9.5215","41","86","1352","172.6692","6","55","125.0000","101","2703","7.9383","99","112","2354","147.6788","13","169","113.4228","Won"
"734026","160","4","7","29","9.6667","0","4","7","350.0000","1","10","142.8571","1","21","265","7.8713","22","15","136","141.6667","18","259","155.0898","26","725","7.5000","39","20","295","122.4066","64","1604","130.8320","Lost"
"734034","185","2","7","37","12.3333","0","4","0","0.0000","0","63","131.2500","6","55","569","8.8906","24","15","136","141.6667","24","386","160.8333","112","2540","7.9169","89","20","295","122.4066","126","3561","122.2451","Lost"
"729300","193","74","1","22","11.0000","0","3","3","75.0000","0","1","50.0000","0","14","153","10.6744","3","43","227","107.5829","33","155","103.3333","25","655","8.0533","20","49","340","94.1828","33","158","100.6369","Won"
"392228","173","14","2","14","7.0000","2","1","9","180.0000","1",NULL,NULL,NULL,"33","336","8.7273","21","11","59","113.4615","18","16","38.0952","91","2059","7.5513","82","11","81","112.5000","19","16","36.3636","Won"
"419118","164","56","1","9","4.5000","2","1","6","46.1538","0","21","105.0000","2","58","877","10.4821","39","15","33","75.0000","13","78","102.6316","73","2083","8.2659","85","17","45","77.5862","14","113","105.6075","Won"
"729304","150","9","6","24","8.0000","1","2","1","100.0000","0","10","100.0000","1","78","1137","10.5604","60","57","637","157.6733","55","1203","221.5470","102","2972","8.4753","125","67","975","142.7526","118","3486","148.9744","Won"
"734032","195","41","5","36","12.0000","0","5","3","100.0000","0","18","180.0000","2","78","1137","10.5604","60","10","59","93.6508","6","68","141.6667","102","2972","8.4753","125","11","96","97.9592","8","91","115.1899","Won"
"734018","138","10","6","25","12.5000","1","3","4","66.6667","0","1","100.0000","0","7","117","13.2453","2","53","883","184.3424","6","68","141.6667","26","485","9.1798","10","116","2591","131.7234","8","91","115.1899","Lost"
"733996","198","50","2","27","13.5000","1","4","25","119.0476","3","6","75.0000","0","58","877","10.4821","39","10","59","93.6508","9","46","86.7925","73","2083","8.2659","85","11","96","97.9592","9","46","85.1852","Won"
"598019","124","5","6","16","5.3333","1","0","21","100.0000","2","34","80.9524","3","49","460","8.5981","31","18","230","171.6418","28","410","157.0881","128","3315","7.7604","133","62","1426","124.6503","105","3057","120.7823","Lost"
"598068","166","23","4","28","9.3333","0","3","39","150.0000","7","37","132.1429","4","102","1300","7.8156","108","37","606","164.6739","33","314","146.0465","110","3029","7.1048","170","63","1400","125.8993","56","766","127.0315","Won"
"548347","207","41","3","33","11.0000","0","6","9","100.0000","1","15","136.3636","2","66","1013","10.1300","57","20","86","89.5833","71","617","156.9975","93","2802","8.6660","107","20","88","88.8889","82","799","143.4470","Won"
"548319","138","18","5","29","9.6667","1","4","1","100.0000","0","59","125.5319","7","22","316","11.0233","9","9","97","142.6471","73","1314","182.2469","36","956","8.0562","32","16","321","107.0000","153","4207","131.3456","Lost"
"548313","129","40","2","13","4.3333","3","1","12","109.0909","1","0","0.0000","0","51","767","11.1699","35","71","617","156.9975","18","16","38.0952","75","2103","8.3232","82","82","799","143.4470","19","16","36.3636","Won"
"548352","139","6","6","17","5.6667","1","1","10","125.0000","0","7","233.3333","1","52","479","7.9392","25","65","930","167.8700","15","117","121.8750","108","2552","6.6865","110","133","2922","146.9819","22","304","116.9231","Lost"
"548386","190","9","5","39","13.0000","1","5",NULL,NULL,NULL,"10","200.0000","1","79","1300","9.2747","79","47","593","146.0591","21","247","155.3459","103","2815","8.3697","137","79","1648","117.7143","32","500","130.8901","Lost"
"1082640","195","9","3","35","11.6667","1","5","96","174.5455","17","4","200.0000","1","11","188","10.6415","10","7","92","176.9231","11","38","100.0000","12","428","9.5821","15","32","807","128.7081","13","46","102.2222","Lost"
"1082597","178","11","4","38","12.6667","0","6","19","316.6667","3","1","100.0000","0","14","235","11.2800","12","24","288","181.1321","71","617","156.9975","14","500","8.9552","16","33","406","143.9716","82","799","143.4470","Lost"
"501276","205","73","2","27","9.0000","1","4","29","103.5714","2","1","100.0000","0","21","192","8.9302","8","35","410","143.3566","4","20","133.3333","68","1133","7.5366","30","64","1270","120.1514","5","29","111.5385","Won"
"501216","183","31","3","23","7.6667","1","3","7","116.6667","1",NULL,NULL,NULL,"19","294","10.8889","7","2","14","127.2727","11","74","125.4237","29","930","8.4545","25","3","18","112.5000","16","121","108.0357","Won"
"336037","176","8","5","20","6.6667","1","3","11","122.2222","2","55","177.4194","7","64","794","9.0398","63","11","135","151.6854","60","704","158.2022","88","2537","7.9780","121","14","177","143.9024","134","2903","126.2174","Lost"
"501232","160","3","3","34","11.3333","1","5","11","137.5000","2","17","94.4444","2","51","767","11.1699","35","4","20","133.3333","11","74","125.4237","75","2103","8.3232","82","5","29","111.5385","16","121","108.0357","Lost"
"1082628","162","7","4","19","6.3333","1","2","50","147.0588","6","12","171.4286","1","69","927","9.9499","54","73","1314","182.2469","24","288","181.1321","94","2490","8.0323","100","153","4207","131.3456","33","406","143.9716","Lost"
"1082641","230","16","4","49","16.3333","2","9","42","233.3333","5","2","50.0000","0","52","713","9.6787","43","86","1352","172.6692","71","617","156.9975","75","2088","8.1669","91","112","2354","147.6788","82","799","143.4470","Won"
"829712","150","19","2","19","6.3333","1","1","56","112.0000","6","2","200.0000","0","79","1300","9.2747","79","57","637","157.6733","5","14","73.6842","103","2815","8.3697","137","67","975","142.7526","6","18","72.0000","Won"
"829730","165","3","6","24","8.0000","1","2","2","66.6667","0","1",NULL,"0","29","334","9.1091","16","37","488","151.0836","31","425","155.1095","59","1584","7.5971","61","57","893","136.3359","41","724","126.3525","Lost"
"829782","189","30","3","19","6.3333","0","2","17","170.0000","2","0","0.0000","0","19","294","10.8889","7","35","410","143.3566","43","227","107.5829","29","930","8.4545","25","64","1270","120.1514","49","340","94.1828","Won"
"419123","168","37","7","18","9.0000","0","3","33","122.2222","3","18","120.0000","2","41","542","10.6623","28","12","190","186.2745","18","269","157.3099","63","1733","7.6795","82","56","1349","107.3190","22","506","130.4124","Won"
"419136","177","44","3","34","11.3333","1","5","18","128.5714","2",NULL,NULL,NULL,"4","51","10.2000","4","37","482","166.7820","13","78","102.6316","10","263","8.4839","14","78","1557","130.8403","14","113","105.6075","Won"
"980922","143","11","3","18","6.0000","2","1","58","116.0000","7","1","100.0000","0","41","688","9.8286","27","18","259","155.0898","14","85","98.8372","47","1433","8.2435","53","64","1604","130.8320","16","90","93.7500","Lost"
"980954","195","9","5","32","10.6667","1","5","1","100.0000","0","34","125.9259","2","30","439","11.4522","21","39","439","157.3477","44","767","175.1142","36","1031","8.8625","37","45","527","136.8831","157","4548","139.8954","Lost"
"733988","187","27","2","30","10.0000","1","4","2","66.6667","0","1","33.3333","0","44","518","10.7917","27","9","46","86.7925","14","20","50.0000","81","1785","8.9324","67","9","46","85.1852","16","26","54.1667","Won"
"733982","155","4","5","19","9.5000","0","2","5","71.4286","0","84","215.3846","13","64","776","9.5215","41","10","59","93.6508","55","1203","221.5470","101","2703","7.9383","99","11","96","97.9592","118","3486","148.9744","Lost"
"548357","160","20","6","22","7.3333","0","2","21","100.0000","2","1","100.0000","0","14","183","11.4375","7","25","277","150.5435","22","214","146.5753","17","497","8.0161","23","31","420","123.8938","23","280","145.0777","Won"
"548364","170","35","2","22","7.3333","0","2","1","100.0000","0","5","125.0000","1","23","339","9.8261","18","43","227","107.5829","4","10","83.3333","23","707","7.8994","31","49","340","94.1828","4","10","83.3333","Won"
"335994","208","19","3","17","5.6667","2","1","35","233.3333","5",NULL,NULL,NULL,"7","106","12.2308","3","29","310","158.9744","17","41","68.3333","15","421","9.8672","13","50","672","117.2775","17","41","68.3333","Won"
"336033","189","19","3","40","13.3333","0","7","4","133.3333","0",NULL,NULL,NULL,"14","163","9.0556","11","7","43","119.4444","2","4","133.3333","18","549","9.1500","16","8","99","112.5000","2","4","133.3333","Won"
"335996","182","67","1","19","6.3333","2","2","2","66.6667","0","2","12.5000","0","64","776","9.5215","41","17","41","68.3333","14","85","98.8372","101","2703","7.9383","99","17","41","68.3333","16","90","93.7500","Won"
"548328","134","9","4","23","7.6667","0","3","11","91.6667","1","33","157.1429","4","17","178","8.2791","13","17","212","151.4286","15","117","121.8750","28","747","8.1639","31","21","326","138.7234","22","304","116.9231","Won"
"548317","164","31","1","26","8.6667","0","2","51","118.6047","5","1","50.0000","0","15","138","7.8113","9","47","593","146.0591","12","70","120.6897","34","814","7.0375","27","79","1648","117.7143","13","88","107.3171","Won"
"548368","182","38","7","22","7.3333","0","2","74","132.1429","9","39","134.4828","3","12","158","13.3521","7","29","394","172.8070","65","930","167.8700","46","825","9.1837","27","95","2427","109.6701","133","2922","146.9819","Won"
"501213","175","39","2","19","6.3333","0","1","3","75.0000","0","2","50.0000","0","22","316","11.0233","9","1","3","60.0000","11","74","125.4237","36","956","8.0562","32","1","3","60.0000","16","121","108.0357","Won"
"501273","175","12","6","29","9.6667","0","4","72","153.1915","10","16","228.5714","2","25","223","8.1091","9","44","767","175.1142","57","637","157.6733","34","894","6.9035","34","157","4548","139.8954","67","975","142.7526","Lost"
"598052","178","5","6","19","6.3333","2","3","27","245.4545","3","10","200.0000","2","23","289","8.4175","19","33","314","146.0465","18","230","171.6418","26","731","7.6678","31","56","766","127.0315","62","1426","124.6503","Lost"
"598070","136","35","2","8","2.6667","1","0","16","200.0000","2","2","40.0000","0","76","806","8.0600","54","10","79","183.7209","6","12","40.0000","90","2375","6.9041","100","12","116","173.1343","6","18","47.3684","Won"
"598076","132","10","4","15","5.0000","2","1","42","155.5556","5","11","100.0000","2","8","112","13.4400","4","37","606","164.6739","39","439","157.3477","19","354","9.0000","14","63","1400","125.8993","45","527","136.8831","Lost"
"598059","183","19","4","11","3.6667","4","1","14","200.0000","2","18","225.0000","3","32","462","9.9712","30","20","116","145.0000","56","663","150.3401","46","1328","8.1306","60","20","126","141.5730","82","1150","121.4361","Won"
"419141","181","3","6","31","10.3333","1","5","62","144.1860","7","6","200.0000","1","64","776","9.5215","41","7","123","178.2609","20","363","189.0625","101","2703","7.9383","99","36","1001","134.9057","45","971","128.2695","Lost"
"829798","163","16","6","30","10.0000","0","6","20","90.9091","2","60","193.5484","10","46","631","11.2012","13","35","410","143.3566","37","488","151.0836","76","2291","8.4280","59","64","1270","120.1514","57","893","136.3359","Won"
"829800","235","54","4","37","12.3333","1","4","2","100.0000","0","68","128.3019","8","26","250","9.5541","13","5","42","190.9091","5","56","155.5556","55","1600","8.0605","72","5","48","150.0000","29","1079","127.2406","Won"
"829794","158","5","6","11","5.5000","1","0","20","285.7143","3","30","166.6667","3","79","1300","9.2747","79","24","288","181.1321","58","703","174.8756","103","2815","8.3697","137","33","406","143.9716","105","2416","126.6911","Lost"
"336019","198","27","3","7","7.0000","1","1","68","178.9474","10","1","100.0000","0","12","123","9.4615","9","31","387","155.4217","27","50","71.4286","27","458","8.7516","17","52","985","118.3894","28","52","68.4211","Won"
"336039","156","20","4","31","10.3333","0","4","3","100.0000","0","1","50.0000","0","28","217","7.7964","18","4","32","139.1304","28","133","111.7647","42","1089","6.7710","49","7","49","84.4828","29","143","110.8527","Won"
"1082618","160","17","5","28","9.3333","0","4","13","130.0000","2","52","144.4444","8","32","462","9.9712","30","24","288","181.1321","73","1314","182.2469","46","1328","8.1306","60","33","406","143.9716","153","4207","131.3456","Won"
"1082647","162","30","2","28","9.3333","3","4","14","155.5556","1","12","133.3333","1","6","64","10.3784","3","6","20","95.2381","9","34","136.0000","13","358","8.6964","14","6","25","96.1538","12","63","143.1818","Won"
"1082625","153","11","2","16","16.0000","0","3","19","118.7500","2",NULL,NULL,NULL,"64","776","9.5215","41","9","179","173.7864","6","20","95.2381","101","2703","7.9383","99","19","480","158.4158","6","25","96.1538","Lost"
"548349","190","53","5",NULL,NULL,NULL,NULL,"3","100.0000","0","82","154.7170","12","12","123","9.4615","9","11","74","125.4237","20","412","222.7027","27","458","8.7516","17","16","121","108.0357","100","3647","152.3392","Won"
"548320","165","48","2","17","8.5000","1","1","23","100.0000","1","8","200.0000","1","22","253","9.2000","14","40","256","114.7982","24","108","100.0000","42","1123","7.3160","48","41","304","112.1771","27","117","83.5714","Won"
"501226","164","25","1","24","8.0000","1","5","55","130.9524","7","0","0.0000","0","41","542","10.6623","28","39","422","153.4545","4","21","95.4545","63","1733","7.6795","82","65","1441","119.2881","4","21","95.4545","Won"
"548336","163","4","5","24","8.0000","0","3","3","75.0000","0","1","50.0000","0","23","339","9.8261","18","7","80","123.0769","11","74","125.4237","23","707","7.8994","31","9","123","123.0000","16","121","108.0357","Lost"
"829770","134","17","1","9","4.5000","3","0","24","109.0909","2","2","200.0000","0","79","1300","9.2747","79","17","212","151.4286","4","22","100.0000","103","2815","8.3697","137","21","326","138.7234","4","22","100.0000","Won"
"829728","165","6","7","26","8.6667","1","1","76","138.1818","8","54","180.0000","8","2","30","10.5882","0","32","477","180.6818","17","287","181.6456","2","63","10.8000","1","143","3778","132.3292","25","574","173.4139","Lost"
"829796","183","8","3","50","16.6667","1","9","4","100.0000","0","12","150.0000","2","13","243","11.2154","10","4","22","100.0000","58","374","125.5034","19","594","9.1856","19","4","22","100.0000","65","515","114.1907","Lost"
"419145","184","42","3","28","9.3333","1","4","12","171.4286","2","5","166.6667","1","64","707","9.5756","38","18","200","168.0672","5","19","135.7143","126","3299","7.5006","142","82","2170","115.5485","6","34","130.7692","Won"
"419133","183","31","2","29","9.6667","3","4","7","100.0000","1","27","135.0000","3","4","51","10.2000","4","31","162","108.7248","59","993","190.9615","10","263","8.4839","14","32","166","105.0633","141","4413","130.0619","Won"
"419167","184","39","2","25","8.3333","0","3","5","250.0000","1","30","103.4483","2","9","132","9.4286","7","31","162","108.7248","24","312","159.1837","10","306","7.8462","19","32","166","105.0633","54","1017","124.3276","Won"
"419162","191","65","1","15","5.0000","1","0",NULL,NULL,NULL,"5","55.5556","0","11","156","11.1429","7","14","34","80.9524","40","256","114.7982","18","558","9.4576","14","15","35","74.4681","41","304","112.1771","Won"
"419156","151","17","2","31","10.3333","1","3","1","50.0000","0","4","66.6667","0","31","434","9.5036","27","14","34","80.9524","40","256","114.7982","37","1085","7.8245","47","15","35","74.4681","41","304","112.1771","Won"
"548358","150","18","3","24","8.0000","2","3","34","136.0000","3","2","66.6667","0","4","60","12.0000","3","31","425","155.1095","33","155","103.3333","5","171","9.5000","6","41","724","126.3525","33","158","100.6369","Won"
"548380","136","38","2","12","4.0000","1","0","1","50.0000","0","2","66.6667","0","71","790","7.2588","60","3","10","71.4286","33","155","103.3333","81","2085","6.4785","109","3","10","71.4286","33","158","100.6369","Won"
"548367","173","46","1","23","7.6667","3","3","4","100.0000","0","21","91.3043","1","78","1137","10.5604","60","2","12","133.3333","32","535","175.4098","102","2972","8.4753","125","2","12","133.3333","62","1713","132.9969","Won"
"548335","164","21","4","23","7.6667","1","1","27","128.5714","1","1","50.0000","0","79","1300","9.2747","79","31","425","155.1095","33","155","103.3333","103","2815","8.3697","137","41","724","126.3525","33","158","100.6369","Won"
"548327","155","10","7","14","7.0000","1","2","34","170.0000","5","73","130.3571","8","11","81","7.7143","11","32","535","175.4098","2","45","160.7143","17","511","9.0442","22","62","1713","132.9969","29","604","132.7473","Lost"
"829816","199","16","2","18","6.0000","3","2","13","130.0000","2","22","244.4444","5","38","529","8.5323","34","21","247","155.3459","28","133","111.7647","48","1307","7.7798","62","32","500","130.8901","29","143","110.8527","Won"
"829810","171","12","4",NULL,NULL,NULL,NULL,"52","144.4444","7","1","25.0000","0","44","518","10.7917","27","65","930","167.8700","58","374","125.5034","81","1785","8.9324","67","133","2922","146.9819","65","515","114.1907","Won"
"598067","168","39","1","18","6.0000","2","0","11","157.1429","1","3","60.0000","0","79","1300","9.2747","79","28","133","111.7647","3","9","69.2308","103","2815","8.3697","137","29","143","110.8527","3","9","69.2308","Won"
"598033","171","22","5","34","11.3333","0","4","49","175.0000","7","11","157.1429","2","49","460","8.5981","31","3","79","225.7143","6","55","125.0000","128","3315","7.7604","133","8","193","136.8794","13","169","113.4228","Won"
"598006","165","9","6","29","9.6667","1","2","1","100.0000","0","6","150.0000","0","24","402","9.1364","20","19","159","129.2683","17","287","181.6456","25","789","8.2188","36","28","409","114.2458","25","574","173.4139","Won"
"598011","209","56","2","24","8.0000","1","2","1","25.0000","0","17","212.5000","3","44","518","10.7917","27","17","41","68.3333","20","116","145.0000","81","1785","8.9324","67","17","41","68.3333","20","126","141.5730","Won"
"734052","226","40","3","45","15.0000","2","9","0","0.0000","0","28","112.0000","3","25","312","11.0118","16","18","81","109.4595","109","2076","177.4359","33","1045","8.4048","43","20","112","109.8039","143","3560","137.2927","Won"
"733992","231","64","4","5","5.0000","1","0","1","100.0000","0",NULL,NULL,NULL,"14","153","10.6744","3","25","244","131.8919","31","157","108.2759","25","655","8.0533","20","38","514","109.3617","36","231","96.2500","Won"
"734008","148","12","5","25","8.3333","1","2","10","200.0000","1","15","115.3846","1","49","802","10.3041","42","80","753","137.6600","109","2076","177.4359","60","1849","8.9612","76","108","1732","123.8027","143","3560","137.2927","Lost"
"733986","178","11","8","34","11.3333","0","5","46","176.9231","7","0","0.0000","0","32","462","9.9712","30","44","767","175.1142","109","2076","177.4359","46","1328","8.1306","60","157","4548","139.8954","143","3560","137.2927","Lost"
"734000","157","11","4","29","14.5000","1","5","10","111.1111","0",NULL,NULL,NULL,"44","518","10.7917","27","109","2076","177.4359","31","157","108.2759","81","1785","8.9324","67","143","3560","137.2927","36","231","96.2500","Lost"
"980976","181","25","5","23","7.6667","1","2","6","85.7143","0","0","0.0000","0","36","509","11.0253","26","23","345","182.5397","9","86","179.1667","56","1623","7.9494","76","28","439","166.2879","24","564","151.6129","Won"
"336025","194","15","4","15","5.0000","2","1","9","225.0000","1","1","100.0000","0","64","707","9.5756","38","20","169","140.8333","27","50","71.4286","126","3299","7.5006","142","25","375","119.0476","28","52","68.4211","Won"
"336029","178","32","3","25","8.3333","0","4",NULL,NULL,NULL,"9","225.0000","1","64","794","9.0398","63","27","50","71.4286","2","10","125.0000","88","2537","7.9780","121","28","52","68.4211","2","11","122.2222","Won"
"980998","206","81","1","15","7.5000","2","2","2","66.6667","0","1","20.0000","0","6","37","7.1613","3","24","108","100.0000","15","23","40.3509","24","518","7.2787","17","27","117","83.5714","16","26","37.1429","Won"
"981008","158","11","6","24","8.0000","0","3","1","100.0000","0","74","132.1429","9","72","1006","8.7478","65","18","230","171.6418","11","168","182.6087","90","2404","7.2812","117","62","1426","124.6503","50","1158","127.2527","Lost"
"1082639","167","20","4","26","8.6667","0","4","7","175.0000","1","7","233.3333","1","36","509","11.0253","26","4","36","120.0000","7","34","109.6774","56","1623","7.9494","76","9","126","136.9565","7","46","97.8723","Won"
"1082608","168","9","5","17","8.5000","0","2","3","100.0000","0","61","129.7872","6","64","707","9.5756","38","7","34","109.6774","29","340","158.8785","126","3299","7.5006","142","7","46","97.8723","95","2223","120.7496","Lost"
"1082644","173","14","2","18","6.0000","2","1","3","100.0000","0","2","66.6667","0","13","155","10.3333","5","28","133","111.7647","1","5","62.5000","31","552","9.2514","10","29","143","110.8527","1","5","62.5000","Won"
"501233","141","2","8","19","6.3333","0","2","33","143.4783","3","59","137.2093","7","11","193","10.4324","5","44","767","175.1142","39","422","153.4545","15","416","7.9238","16","157","4548","139.8954","65","1441","119.2881","Lost"
"501249","205","101","1","14","7.0000","0","2","1","100.0000","0","0","0.0000","0","11","155","11.9231","5","51","294","113.5135","1","0","0.0000","16","477","9.9375","8","57","340","108.9744","1","0","0.0000","Won"
"501211","188","2","6","22","11.0000","0","3","15","150.0000","2","120","190.4762","21","19","209","9.5725","11","60","704","158.2022","2","46","209.0909","57","1474","8.1512","50","134","2903","126.2174","23","501","121.0145","Lost"
"419128","171","48","4","29","9.6667","4","4","6","75.0000","0","13","76.4706","1","78","1137","10.5604","60","31","157","108.2759","57","637","157.6733","102","2972","8.4753","125","36","231","96.2500","67","975","142.7526","Won"
"419164","192","16","6","27","9.0000","0","5","36","144.0000","4","14","200.0000","2","64","776","9.5215","41","109","2076","177.4359","57","637","157.6733","101","2703","7.9383","99","143","3560","137.2927","67","975","142.7526","Lost"
"419126","136","10","4","15","7.5000","0","2","7","77.7778","0","0","0.0000","0","64","776","9.5215","41","57","637","157.6733","31","157","108.2759","101","2703","7.9383","99","67","975","142.7526","36","231","96.2500","Lost"
"419134","177","22","4","15","5.0000","1","1","2","100.0000","0",NULL,NULL,NULL,"43","465","9.1176","25","5","25","86.2069","4","12","66.6667","75","1944","7.7450","73","8","51","100.0000","4","12","66.6667","Won"
"548329","195","69","1","34","11.3333","1","5","5","125.0000","1","6","85.7143","0","20","272","10.1366","17","8","49","108.8889","9","20","68.9655","23","639","8.1057","31","10","59","103.5088","9","20","68.9655","Won"
"548381","132","20","3","21","7.0000","1","2","2","100.0000","0","7","116.6667","1","13","169","10.0396","11","12","45","145.1613","40","256","114.7982","20","400","9.1603","19","12","47","138.2353","41","304","112.1771","Won"
"548332","182","21","6","30","10.0000","1","4","29","145.0000","2","16","160.0000","2","64","794","9.0398","63","35","410","143.3566","55","1203","221.5470","88","2537","7.9780","121","64","1270","120.1514","118","3486","148.9744","Lost"
"829722","177","30","4","30","10.0000","1","4","33","173.6842","6","54","284.2105","9","13","243","11.2154","10","5","42","190.9091","71","617","156.9975","19","594","9.1856","19","5","48","150.0000","82","799","143.4470","Won"
"829752","190","43","2","10","10.0000","1","2","1","16.6667","0","9","112.5000","1","23","225","8.7097","10","20","86","89.5833","71","617","156.9975","44","1095","8.3059","28","20","88","88.8889","82","799","143.4470","Won"
"548370","170","55","1","8","8.0000","0","0","6","85.7143","0","2","50.0000","0","8","97","9.7000","3","13","78","102.6316","17","41","68.3333","57","686","7.6222","27","14","113","105.6075","17","41","68.3333","Won"
"548356","120","12","4","14","4.6667","1","2","40","129.0323","5","3","100.0000","0","41","542","10.6623","28","25","244","131.8919","33","155","103.3333","63","1733","7.6795","82","38","514","109.3617","33","158","100.6369","Won"
"548353","186","23","6","23","7.6667","1","4",NULL,NULL,NULL,"46","184.0000","5","6","71","10.1429","6","25","244","131.8919","32","535","175.4098","9","300","8.8235","12","38","514","109.3617","62","1713","132.9969","Won"
"392236","188","6","7","19","9.5000","0","2","69","168.2927","8","21","210.0000","3","21","192","8.9302","8","37","606","164.6739","37","482","166.7820","68","1133","7.5366","30","63","1400","125.8993","78","1557","130.8403","Lost"
"392195","150","7","4","15","5.0000","2","1","45","180.0000","6",NULL,NULL,NULL,"4","59","10.4118","5","12","190","186.2745","15","125","137.3626","9","248","8.9639","14","56","1349","107.3190","18","179","118.5430","Lost"
"392238","101","4","4","16","5.3333","1","3","48","106.6667","5","10","66.6667","0","20","272","10.1366","17","20","213","129.8780","15","125","137.3626","23","639","8.1057","31","33","399","114.0000","18","179","118.5430","Lost"
"392208","148","19","5","11","5.5000","0","0","4","80.0000","0",NULL,NULL,NULL,"1","9","9.0000","1","11","181","190.5263","37","482","166.7820","19","323","8.4629","9","103","2755","131.8813","78","1557","130.8403","Won"
"829788","152","8","5","19","9.5000","0","2","48","123.0769","5","19","158.3333","2","27","342","9.3699","24","58","703","174.8756","86","1352","172.6692","32","1002","8.3966","50","105","2416","126.6911","112","2354","147.6788","Lost"
"598072","172","45","2","15","5.0000","1","2","6","100.0000","0","2","100.0000","0","51","767","11.1699","35","28","133","111.7647","15","23","40.3509","75","2103","8.3232","82","29","143","110.8527","16","26","37.1429","Won"
"598034","159","10","6","20","6.6667","0","2","33","143.4783","3","8","133.3333","0","33","336","8.7273","21","86","1352","172.6692","58","703","174.8756","91","2059","7.5513","82","112","2354","147.6788","105","2416","126.6911","Lost"
"598004","156","10","7","21","7.0000","1","2","18","112.5000","1","60","171.4286","7","78","1137","10.5604","60","58","703","174.8756","60","704","158.2022","102","2972","8.4753","125","105","2416","126.6911","134","2903","126.2174","Won"
"829750","181","35","3","22","11.0000","0","3","7","175.0000","1","17","106.2500","2","79","1300","9.2747","79","10","59","93.6508","6","104","157.5758","103","2815","8.3697","137","11","96","97.9592","8","127","142.6966","Won"
"829784","148","25","2","18","6.0000","1","2","17","130.7692","2",NULL,NULL,NULL,"79","1300","9.2747","79","6","104","157.5758","12","70","120.6897","103","2815","8.3697","137","8","127","142.6966","13","88","107.3171","Won"
"729316","145","6","5","21","7.0000","0","2","8","66.6667","0","2","66.6667","0","64","707","9.5756","38","109","2076","177.4359","25","244","131.8919","126","3299","7.5006","142","143","3560","137.2927","38","514","109.3617","Lost"
"734048","163","30","3","13","4.3333","2","1","26","162.5000","3","10","142.8571","1","66","1013","10.1300","57","18","327","176.7568","24","141","106.0150","93","2802","8.6660","107","36","663","122.5508","26","151","98.6928","Won"
"501228","231","37","5","41","13.6667","1","7","2","66.6667","0","12","133.3333","2","23","311","10.2527","9","2","7","77.7778","29","310","158.9744","42","1174","9.0077","33","5","43","138.7097","50","672","117.2775","Won"
"501242","159","28","3","20","6.6667","1","2","1","100.0000","0","8","100.0000","1","41","542","10.6623","28","20","97","112.7907","58","374","125.5034","63","1733","7.6795","82","21","117","105.4054","65","515","114.1907","Won"
"419121","185","2","5","24","12.0000","1","3","43","130.3030","5","14","233.3333","2","3","31","7.4400","1","44","767","175.1142","9","125","176.0563","25","368","8.1476","5","157","4548","139.8954","99","2511","123.5121","Lost"
"419115","190","45","1","17","8.5000","1","2","2","100.0000","0","31","140.9091","2","64","831","9.4611","55","1","3","75.0000","57","637","157.6733","82","2411","8.1499","100","1","3","75.0000","67","975","142.7526","Won"
"419132","183","47","4","26","8.6667","2","3","1","100.0000","0","17","113.3333","2","23","311","10.2527","9","18","112","130.2326","3","30","107.1429","42","1174","9.0077","33","19","124","129.1667","16","218","94.3723","Won"
"1082606","176","8","6","17","8.5000","1","1","32","123.0769","3","6","200.0000","1","79","1058","10.7230","43","73","1314","182.2469","24","288","181.1321","119","3342","7.9477","102","153","4207","131.3456","33","406","143.9716","Lost"
"1082604","172","30","4","21","7.0000","1","4","10","111.1111","1","10","100.0000","0","14","235","11.2800","12","16","172","157.7982","43","410","142.3611","14","500","8.9552","16","17","187","152.0325","93","1553","119.0951","Won"
"980950","172","14","5","28","9.3333","1","4","71","262.9630","11","2","66.6667","0","79","1300","9.2747","79","23","345","182.5397","22","252","147.3684","103","2815","8.3697","137","28","439","166.2879","29","353","130.2583","Won"
"548373","158","9","6","27","9.0000","1","2","4","100.0000","0","28","140.0000","4","33","336","8.7273","21","54","686","175.0000","109","2076","177.4359","91","2059","7.5513","82","81","1262","127.2177","143","3560","137.2927","Lost"
"548323","205","15","6","36","12.0000","0","4","13","130.0000","1","28","466.6667","5","78","1137","10.5604","60","54","686","175.0000","57","637","157.6733","102","2972","8.4753","125","81","1262","127.2177","67","975","142.7526","Lost"
"548348","156","17","3","17","5.6667","2","1","8","100.0000","0","4","400.0000","1","23","339","9.8261","18","57","637","157.6733","1","5","166.6667","23","707","7.8994","31","67","975","142.7526","1","5","166.6667","Won"
"548337","146","8","7","12","12.0000","0","3","9","112.5000","1","14","175.0000","1","8","97","9.7000","3","109","2076","177.4359","54","686","175.0000","57","686","7.6222","27","143","3560","137.2927","81","1262","127.2177","Lost"
"336040","174","15","3","21","7.0000","0","4","71","144.8980","10","0","0.0000","0","64","776","9.5215","41","12","190","186.2745","15","33","75.0000","101","2703","7.9383","99","56","1349","107.3190","17","45","77.5862","Lost"
"336008","178","19","4","10","3.3333","2","1",NULL,NULL,NULL,"52","185.7143","5","64","776","9.5215","41","15","125","137.3626","37","482","166.7820","101","2703","7.9383","99","18","179","118.5430","78","1557","130.8403","Won"
"336005","196","46","1","23","7.6667","1","3","1","50.0000","0","1","100.0000","0","69","927","9.9499","54","14","20","50.0000","15","33","75.0000","94","2490","8.0323","100","16","26","54.1667","17","45","77.5862","Won"
"335988","240","43","6","38","12.6667","1","6","13","100.0000","0","2","66.6667","0","7","106","12.2308","3","1","20","125.0000","56","663","150.3401","15","421","9.8672","13","11","237","128.1081","82","1150","121.4361","Won"
"336018","181","27","4","17","5.6667","2","1","32","213.3333","5","17","121.4286","2","58","877","10.4821","39","56","663","150.3401","58","374","125.5034","73","2083","8.2659","85","82","1150","121.4361","65","515","114.1907","Won"
"336036","175","5","6","31","10.3333","0","4","14","155.5556","1","10","142.8571","1","64","831","9.4611","55","25","374","159.8291","58","374","125.5034","82","2411","8.1499","100","78","1808","123.6662","65","515","114.1907","Lost"
"336038","211","15","5","29","9.6667","1","5",NULL,NULL,NULL,"70","189.1892","10","10","122","7.1068","18","12","88","166.0377","57","637","157.6733","11","275","6.6802","24","15","99","141.4286","67","975","142.7526","Won"
"336014","187","15","4","13","13.0000","0","2","2","100.0000","0","5","250.0000","1","3","25","10.0000","1","12","88","166.0377","39","422","153.4545","5","87","10.2353","2","15","99","141.4286","65","1441","119.2881","Lost"
"336042","147","7","7","25","8.3333","1","4","11","100.0000","1","48","114.2857","6","5","55","13.2000","1","57","637","157.6733","44","767","175.1142","9","205","8.1457","4","67","975","142.7526","157","4548","139.8954","Lost"
"392205","119","12","4","12","4.0000","1","1","55","93.2203","4","3","150.0000","0","8","116","11.7966","6","50","869","172.0792","35","410","143.3566","11","311","8.9282","15","73","1993","125.2671","64","1270","120.1514","Won"
"392230","145","4","3","21","7.0000","1","3","1","50.0000","0","6","85.7143","0","41","542","10.6623","28","14","85","98.8372","71","617","156.9975","63","1733","7.6795","82","16","90","93.7500","82","799","143.4470","Won"
"392197","168","22","4","20","6.6667","1","2","2","66.6667","0","14","233.3333","2","64","831","9.4611","55","24","108","100.0000","71","617","156.9975","82","2411","8.1499","100","27","117","83.5714","82","799","143.4470","Won"
"336034","126","16","2","26","8.6667","1","4","20","117.6471","2","0","0.0000","0","79","1058","10.7230","43","44","767","175.1142","2","11","61.1111","119","3342","7.9477","102","157","4548","139.8954","2","11","61.1111","Won"
"392217","145","25","2","14","4.6667","2","2","4","80.0000","0","9","180.0000","1","64","831","9.4611","55","14","85","98.8372","5","20","111.1111","82","2411","8.1499","100","16","90","93.7500","5","20","111.1111","Won"
"392233","160","21","6","33","11.0000","1","4","10","142.8571","1","6","100.0000","0","1","33","16.5000","1","73","1314","182.2469","31","387","155.4217","1","59","14.7500","1","153","4207","131.3456","52","985","118.3894","Lost"
"336028","197","80","1","7","7.0000","0","1","61","203.3333","9","0","0.0000","0","55","569","8.8906","24","18","200","168.0672","1","0","0.0000","112","2540","7.9169","89","82","2170","115.5485","1","0","0.0000","Won"
"336003","191","30","5","12","12.0000","0","1","13","108.3333","1",NULL,NULL,NULL,"4","50","13.6364","2","16","235","162.0690","59","993","190.9615","15","236","10.4118","6","23","394","128.3388","141","4413","130.0619","Won"
"335990","165","3","5","16","8.0000","1","3","38","211.1111","6","2","100.0000","0","43","483","9.7905","22","16","235","162.0690","9","49","144.1176","72","1914","8.1159","81","23","394","128.3388","11","76","138.1818","Lost"
"733978","168","5","5","24","8.0000","2","4","22","200.0000","3","16","266.6667","2","36","509","11.0253","26","86","1352","172.6692","6","40","153.8462","56","1623","7.9494","76","112","2354","147.6788","27","339","124.6324","Lost"
"1082646","161","13","2","8","8.0000","1","1","1","50.0000","0","21","262.5000","4","12","129","10.6027","9","15","23","40.3509","11","38","100.0000","36","802","7.6992","34","16","26","37.1429","13","46","102.2222","Won"
"1082614","142","25","3","15","7.5000","1","1","3","150.0000","0","45","118.4211","5","13","155","10.3333","5","8","59","147.5000","23","345","182.5397","31","552","9.2514","10","9","77","140.0000","28","439","166.2879","Won"
"1082611","191","24","6","24","8.0000","0","3","48","165.5172","7","25","131.5789","2","16","179","9.1795","11","7","92","176.9231","31","425","155.1095","21","611","8.6667","23","32","807","128.7081","41","724","126.3525","Won"
"392226","173","5","6","25","12.5000","0","4","13","162.5000","1","75","234.3750","11","23","225","8.7097","10","16","235","162.0690","24","312","159.1837","44","1095","8.3059","28","23","394","128.3388","54","1017","124.3276","Lost"
"392204","139","10","5","18","6.0000","0","2","1","100.0000","0","13","144.4444","1","19","229","9.3469","9","29","340","158.8785","16","235","162.0690","37","750","8.1967","19","95","2223","120.7496","23","394","128.3388","Lost"
"392229","129","5","3","9","9.0000","1","0","46","93.8776","3","11","220.0000","1","10","111","8.8800","8","24","312","159.1837","51","294","113.5135","14","362","9.1646","13","54","1017","124.3276","57","340","108.9744","Lost"
"980938","164","21","5","17","5.6667","0","1",NULL,NULL,NULL,"58","126.0870","7","38","529","8.5323","34","24","288","181.1321","73","1314","182.2469","48","1307","7.7798","62","33","406","143.9716","153","4207","131.3456","Won"
"1082627","209","56","4","19","6.3333","1","3",NULL,NULL,NULL,"17","141.6667","2","16","179","9.1795","11","7","34","109.6774","4","36","120.0000","21","611","8.6667","23","7","46","97.8723","9","126","136.9565","Won"
"548346","177","26","4","21","7.0000","1","2","12","171.4286","1","22","157.1429","2","17","213","10.6500","8","4","20","105.2632","25","244","131.8919","44","1317","8.8986","39","4","20","105.2632","38","514","109.3617","Won"
"598062","115","5","5","12","4.0000","2","0","2","66.6667","0","7","116.6667","1","78","1137","10.5604","60","41","251","145.9302","17","212","151.4286","102","2972","8.4753","125","47","342","120.4225","21","326","138.7234","Lost"
"598039","200","19","6","26","13.0000","1","6","30","166.6667","4","1","100.0000","0","38","529","8.5323","34","21","279","156.7416","65","930","167.8700","48","1307","7.7798","62","45","854","121.1348","133","2922","146.9819","Won"
"598021","157","11","3","26","8.6667","1","4","13","92.8571","2",NULL,NULL,NULL,"79","1058","10.7230","43","65","930","167.8700","4","10","62.5000","119","3342","7.9477","102","133","2922","146.9819","4","10","62.5000","Won"
"598071","183","51","2",NULL,NULL,NULL,NULL,"5","71.4286","0","1","100.0000","0","1","0","0.0000","1","71","617","156.9975","20","86","89.5833","1","0","0.0000","1","82","799","143.4470","20","88","88.8889","Won"
"598077","165","8","5","24","12.0000","0","4","15","166.6667","2","2","66.6667","0","69","927","9.9499","54","58","703","174.8756","71","617","156.9975","94","2490","8.0323","100","105","2416","126.6911","82","799","143.4470","Lost"
"829786","167","37","2","9","9.0000","0","2","12","100.0000","1","11","366.6667","2","22","281","11.0196","15","51","294","113.5135","33","155","103.3333","34","917","8.7195","36","57","340","108.9744","33","158","100.6369","Won"
"829716","209","60","4","22","7.3333","2","3",NULL,NULL,NULL,"14","100.0000","0","52","713","9.6787","43","4","17","85.0000","8","129","169.7368","75","2088","8.1669","91","4","17","85.0000","15","411","129.6530","Won"
"419129","183","32","1","22","7.3333","2","3",NULL,NULL,NULL,"0","0.0000","0","18","216","8.6400","15","4","5","100.0000","12","34","61.8182","21","668","8.4736","26","4","5","100.0000","12","34","61.8182","Won"
"419151","154","3","6","31","10.3333","0","6","9","225.0000","1","4","200.0000","1","79","946","9.3509","46","56","663","150.3401","1","4","200.0000","99","2860","7.8000","119","82","1150","121.4361","1","4","200.0000","Lost"
"501254","196","64","2",NULL,NULL,NULL,NULL,"1","100.0000","0",NULL,NULL,NULL,"21","192","8.9302","8","4","2","28.5714","14","42","73.6842","68","1133","7.5366","30","5","2","22.2222","14","42","72.4138","Won"
"501225","195","56","4","13","6.5000","1","1","25","125.0000","3","8","114.2857","1","9","98","9.3333","2","13","120","116.5049","12","96","131.5068","15","408","8.2703","13","16","194","116.1677","17","170","127.8195","Won"
"392223","157","33","3","21","7.0000","1","1","34","121.4286","1","6","120.0000","1","102","1300","7.8156","108","16","235","162.0690","14","34","80.9524","110","3029","7.1048","170","23","394","128.3388","15","35","74.4681","Won"
"392193","184","29","3","13","4.3333","1","2","49","168.9655","7","12","300.0000","2","64","831","9.4611","55","59","993","190.9615","51","294","113.5135","82","2411","8.1499","100","141","4413","130.0619","57","340","108.9744","Won"
"392244","143","15","1","13","4.3333","1","1",NULL,NULL,NULL,"14","140.0000","1","64","831","9.4611","55","14","34","80.9524","32","477","180.6818","82","2411","8.1499","100","15","35","74.4681","143","3778","132.3292","Won"
"734024","164","9","4","34","11.3333","0","6","41","120.5882","6","0","0.0000","0","23","289","8.4175","19","32","327","148.6364","14","120","120.0000","26","731","7.6678","31","42","606","128.1184","16","153","113.3333","Lost"
"829742","209","28","4",NULL,NULL,NULL,NULL,"39","195.0000","7","20","142.8571","4","44","518","10.7917","27","6","104","157.5758","12","70","120.6897","81","1785","8.9324","67","8","127","142.6966","13","88","107.3171","Won"
"598066","170","18","4","15","7.5000","0","2","3","60.0000","0","7","140.0000","1","23","225","8.7097","10","41","251","145.9302","15","117","121.8750","44","1095","8.3059","28","47","342","120.4225","22","304","116.9231","Won"
"419122","170","19","3",NULL,NULL,NULL,NULL,"60","214.2857","8","8","133.3333","1","6","75","15.0000","3","56","663","150.3401","16","172","157.7982","7","174","10.2353","6","82","1150","121.4361","17","187","152.0325","Won"
"419142","246","35","5","35","11.6667","0","5","84","168.0000","12","1","50.0000","0","2","32","17.4545","0","43","410","142.3611","13","120","116.5049","14","304","8.7273","6","93","1553","119.0951","16","194","116.1677","Won"
"392207","164","44","2","16","5.3333","3","1","3","75.0000","0","2","100.0000","0","58","877","10.4821","39","8","40","88.8889","14","42","73.6842","73","2083","8.2659","85","11","55","79.7101","14","42","72.4138","Won"
"981014","171","28","3","17","8.5000","0","2","5","166.6667","1","5","62.5000","0","5","59","11.8000","2","33","155","103.3333","28","214","131.2883","11","251","8.6552","8","33","158","100.6369","34","317","115.6934","Won"
"501240","143","6","6","20","6.6667","0","2","47","138.2353","6","10","142.8571","1","5","96","11.2941","6","24","312","159.1837","28","410","157.0881","5","167","8.5641","6","54","1017","124.3276","105","3057","120.7823","Lost"
"501235","148","24","2","33","11.0000","1","5","1","100.0000","0","19","172.7273","2","58","877","10.4821","39","20","116","145.0000","16","179","140.9449","73","2083","8.2659","85","20","126","141.5730","20","285","110.0386","Won"
"501258","176","29","5","29","9.6667","0","4","6","120.0000","0","37","115.6250","4","24","297","7.6154","28","7","80","123.0769","56","663","150.3401","27","716","7.4583","43","9","123","123.0000","82","1150","121.4361","Won"
"501262","166","39","2","26","8.6667","2","4","3","150.0000","0","0","0.0000","0","8","88","9.7778","6","20","116","145.0000","9","46","86.7925","14","444","9.4468","15","20","126","141.5730","9","46","85.1852","Won"
"598065","178","7","6","43","14.3333","0","7","54","234.7826","8","20","133.3333","2","30","439","11.4522","21","86","1352","172.6692","73","1314","182.2469","36","1031","8.8625","37","112","2354","147.6788","153","4207","131.3456","Lost"
"598058","152","48","2","18","6.0000","1","2","1","50.0000","0","1","33.3333","0","58","877","10.4821","39","33","155","103.3333","4","17","85.0000","73","2083","8.2659","85","33","158","100.6369","4","17","85.0000","Won"
"598032","263","136","3",NULL,NULL,NULL,NULL,"1","100.0000","0","11","84.6154","1","19","229","9.3469","9","3","10","71.4286","25","244","131.8919","37","750","8.1967","19","3","10","71.4286","38","514","109.3617","Won"
"598047","187","24","2",NULL,NULL,NULL,NULL,"1","100.0000","0","2","66.6667","0","19","229","9.3469","9","14","20","50.0000","3","3","50.0000","37","750","8.1967","19","16","26","54.1667","3","3","50.0000","Won"
"1082634","148","13","4","30","10.0000","2","4","8","160.0000","0","3","100.0000","0","32","462","9.9712","30","16","172","157.7982","3","11","122.2222","46","1328","8.1306","60","17","187","152.0325","3","11","122.2222","Won"
"1082631","155","5","4",NULL,NULL,NULL,NULL,"0","0.0000","0","3","33.3333","0","1","7","21.0000","0","5","9","75.0000","25","277","150.5435","9","136","8.5000","4","5","9","75.0000","31","420","123.8938","Lost"
"548355","158","5","4","23","7.6667","0","3","0","0.0000","0","0","0.0000","0","78","1137","10.5604","60","12","73","117.7419","58","374","125.5034","102","2972","8.4753","125","12","127","92.0290","65","515","114.1907","Lost"
"548359","177","53","2","14","4.6667","2","3","1","50.0000","0","8","114.2857","0","69","927","9.9499","54","51","294","113.5135","29","310","158.9744","94","2490","8.0323","100","57","340","108.9744","50","672","117.2775","Won"
"548314","191","40","2","18","6.0000","1","1","7","233.3333","1","7","100.0000","0","20","272","10.1366","17","51","294","113.5135","39","439","157.3477","23","639","8.1057","31","57","340","108.9744","45","527","136.8831","Won"
"1082591","207","43","1","28","9.3333","0","4","2","40.0000","0",NULL,NULL,NULL,"6","83","10.8261","3","7","15","57.6923","3","25","125.0000","9","234","8.4072","9","8","15","53.5714","3","25","125.0000","Won"
"1082607","161","31","2","17","5.6667","2","2","5","125.0000","0","2","100.0000","0","9","100","8.3333","7","8","49","108.8889","2","2","50.0000","12","327","7.4318","14","10","59","103.5088","3","7","58.3333","Won"
"1082624","157","70","1","17","5.6667","1","1","3","100.0000","0","1","20.0000","0","22","316","11.0233","9","8","49","108.8889","7","15","57.6923","36","956","8.0562","32","10","59","103.5088","8","15","53.5714","Won"
"729302","140","24","1","11","3.6667","1","0","1","100.0000","0","13","86.6667","0","52","479","7.9392","25","6","12","40.0000","14","85","98.8372","108","2552","6.6865","110","6","18","47.3684","16","90","93.7500","Won"
"829736","167","10","4","21","7.0000","0","2","15","250.0000","2","15","214.2857","2","16","234","10.0286","19","28","214","131.2883","22","214","146.5753","25","739","7.8757","39","34","317","115.6934","23","280","145.0777","Won"
"829756","157","30","2","23","7.6667","0","2","0","0.0000","0",NULL,NULL,NULL,"78","1137","10.5604","60","28","214","131.2883","33","155","103.3333","102","2972","8.4753","125","34","317","115.6934","33","158","100.6369","Won"
"829826","139","5","4","21","7.0000","0","2","22","88.0000","1",NULL,NULL,NULL,"18","265","11.1189","12","109","2076","177.4359","80","753","137.6600","34","999","8.7760","37","143","3560","137.2927","108","1732","123.8027","Lost"
"419112","212","12","5","15","5.0000","1","1","4","133.3333","0","41","141.3793","4","102","1300","7.8156","108","8","49","122.5000","12","73","117.7419","110","3029","7.1048","170","11","79","101.2821","12","127","92.0290","Won"
"419155","174","46","3","13","4.3333","2","0","18","120.0000","2","25","178.5714","3","38","348","8.3855","25","13","120","116.5049","2","33","165.0000","134","3453","7.0976","136","16","194","116.1677","2","34","154.5455","Won"
"392194","189","15","3","27","9.0000","0","4",NULL,NULL,NULL,"12","100.0000","1","26","313","9.0288","21","4","36","128.5714","57","637","157.6733","29","815","7.5697","38","5","36","120.0000","67","975","142.7526","Won"
"392232","147","3","7","17","5.6667","1","2","60","105.2632","5","19","90.4762","1","79","1300","9.2747","79","5","96","195.9184","109","2076","177.4359","103","2815","8.3697","137","32","1107","138.5482","143","3560","137.2927","Lost"
"392186","165","25","4","15","5.0000","2","1","14","107.6923","1","35","145.8333","3","102","1300","7.8156","108","4","36","128.5714","109","2076","177.4359","110","3029","7.1048","170","5","36","120.0000","143","3560","137.2927","Won"
"392212","153","7","6","23","7.6667","1","3","17","121.4286","2","47","127.0270","6","23","311","10.2527","9","56","663","150.3401","25","374","159.8291","42","1174","9.0077","33","82","1150","121.4361","78","1808","123.6662","Lost"
"392209","145","13","5","23","7.6667","0","3","8","160.0000","1","3","100.0000","0","79","1058","10.7230","43","56","663","150.3401","58","374","125.5034","119","3342","7.9477","102","82","1150","121.4361","65","515","114.1907","Won"
"598022","152","12","3","29","9.6667","0","4","3","150.0000","0",NULL,NULL,NULL,"64","776","9.5215","41","6","36","109.0909","40","256","114.7982","101","2703","7.9383","99","7","51","104.0816","41","304","112.1771","Lost"
"501251","178","42","2","12","4.0000","2","1","3","60.0000","0","7","175.0000","1","102","1300","7.8156","108","20","116","145.0000","15","125","137.3626","110","3029","7.1048","170","20","126","141.5730","18","179","118.5430","Won"
"501221","168","26","4","29","9.6667","1","5","16","133.3333","1","23","230.0000","3","22","316","11.0233","9","7","63","140.0000","16","179","140.9449","36","956","8.0562","32","19","417","136.7213","20","285","110.0386","Won"
"501218","187","8","3","24","8.0000","1","3","3","150.0000","0",NULL,NULL,NULL,"5","56","12.9231","2","7","63","140.0000","15","23","40.3509","16","314","7.9831","11","19","417","136.7213","16","26","37.1429","Lost"
"501272","175","21","5","32","16.0000","1","4","28","155.5556","2","11","220.0000","1","58","877","10.4821","39","9","97","142.6471","58","703","174.8756","73","2083","8.2659","85","16","321","107.0000","105","2416","126.6911","Lost"
"598043","164","44","2","12","4.0000","0","0","20","95.2381","2",NULL,NULL,NULL,"79","1300","9.2747","79","33","155","103.3333","19","65","89.0411","103","2815","8.3697","137","33","158","100.6369","19","66","88.0000","Won"
"598040","164","28","6","18","6.0000","0","2","6","150.0000","1","1","50.0000","0","19","168","9.3333","5","32","535","175.4098","25","244","131.8919","53","1332","7.1677","39","62","1713","132.9969","38","514","109.3617","Won"
"548339","162","8","6","10","10.0000","0","1","61","160.5263","7","3","75.0000","0","30","439","11.4522","21","21","262","161.7284","41","672","192.5501","36","1031","8.8625","37","69","2489","133.3869","64","1563","141.8330","Lost"
"548371","190","16","4","21","7.0000","1","3","62","187.8788","9","13","162.5000","2","17","213","10.6500","8","28","410","179.0393","14","167","168.6869","44","1317","8.8986","39","61","1322","123.5514","24","342","125.7353","Lost"
"548318","166","36","2","10","3.3333","2","1","23","164.2857","3",NULL,NULL,NULL,"7","88","10.1538","5","16","172","157.7982","51","294","113.5135","11","285","7.9907","10","17","187","152.0325","57","340","108.9744","Won"
"980912","227","55","4","21","7.0000","2","2","19","158.3333","3","21","123.5294","2","69","927","9.9499","54","28","214","131.2883","21","279","156.7416","94","2490","8.0323","100","34","317","115.6934","45","854","121.1348","Won"
"980996","179","9","7","32","10.6667","0","4","35","166.6667","5","17","170.0000","2","52","713","9.6787","43","53","883","184.3424","7","106","196.2963","75","2088","8.1669","91","116","2591","131.7234","8","124","187.8788","Lost"
"392239","116","32","2","8","8.0000","0","1",NULL,NULL,NULL,"4","133.3333","0","58","877","10.4821","39","9","67","111.6667","58","374","125.5034","73","2083","8.2659","85","9","67","104.6875","65","515","114.1907","Won"
"392215","211","84","2","15","5.0000","1","2","5","83.3333","0","0","0.0000","0","43","465","9.1176","25","9","67","111.6667","12","34","61.8182","75","1944","7.7450","73","9","67","104.6875","12","34","61.8182","Won"
"392231","120","6","6","11","3.6667","0","1","39","86.6667","5","21","190.9091","3","25","223","8.1091","9","16","202","157.8125","56","663","150.3401","34","894","6.9035","34","68","1687","121.8051","82","1150","121.4361","Won"
"419149","181","26","2","26","8.6667","1","4","2","66.6667","0","3","100.0000","0","23","311","10.2527","9","43","227","107.5829","11","74","125.4237","42","1174","9.0077","33","49","340","94.1828","16","121","108.0357","Won"
"419113","142","4","6","24","8.0000","0","3","25","119.0476","1","72","135.8491","10","64","776","9.5215","41","25","244","131.8919","26","270","145.9459","101","2703","7.9383","99","38","514","109.3617","146","4132","124.9849","Lost"
"734038","179","31","2","43","14.3333","0","6","22","275.0000","3","0","0.0000","0","6","80","8.8889","8","39","439","157.3477","2","7","100.0000","7","239","9.5600","11","45","527","136.8831","2","7","100.0000","Won"
"734022","178","34","2","15","7.5000","0","1","29","152.6316","3",NULL,NULL,NULL,"41","688","9.8286","27","39","439","157.3477","41","251","145.9302","47","1433","8.2435","53","45","527","136.8831","47","342","120.4225","Won"
"729290","133","8","4","14","4.6667","1","1","47","151.6129","5",NULL,NULL,NULL,"72","1006","8.7478","65","33","314","146.0465","39","439","157.3477","90","2404","7.2812","117","56","766","127.0315","45","527","136.8831","Lost"
"733994","134","35","1","6","6.0000","1","0","2","66.6667","0","6","120.0000","1","64","776","9.5215","41","6","12","40.0000","14","85","98.8372","101","2703","7.9383","99","6","18","47.3684","16","90","93.7500","Won"
"598038","194","71","3","8","8.0000","2","1","17","113.3333","2","21","131.2500","3","12","158","13.3521","7","6","36","109.0909","40","256","114.7982","46","825","9.1837","27","7","51","104.0816","41","304","112.1771","Won"
"501274","147","7","4","17","5.6667","2","2","28","116.6667","2","5","125.0000","1","22","253","9.2000","14","9","97","142.6471","71","617","156.9975","42","1123","7.3160","48","16","321","107.0000","82","799","143.4470","Lost"
"501275","185","57","2","13","13.0000","0","2","17","85.0000","1","6","75.0000","0","11","155","11.9231","5","17","164","138.9831","6","36","138.4615","16","477","9.9375","8","24","270","117.3913","6","36","138.4615","Won"
"598027","119","2","4","3","3.0000","1","0","30","230.7692","5","7","175.0000","1","14","127","9.6456","4","80","753","137.6600","54","686","175.0000","80","1421","7.5518","45","108","1732","123.8027","81","1262","127.2177","Lost"
"829828","202","63","2","18","6.0000","1","3","10","142.8571","1","1","50.0000","0","78","1137","10.5604","60","80","753","137.6600","18","81","109.4595","102","2972","8.4753","125","108","1732","123.8027","20","112","109.8039","Won"
"829778","192","29","4","28","9.3333","0","3","12","133.3333","0","23","135.2941","3","79","1058","10.7230","43","80","753","137.6600","54","686","175.0000","119","3342","7.9477","102","108","1732","123.8027","81","1262","127.2177","Won"
"981020","162","25","4","18","6.0000","1","1","6","120.0000","1","8","100.0000","0","72","1006","8.7478","65","5","38","122.5806","17","164","138.9831","90","2404","7.2812","117","5","38","122.5806","24","270","117.3913","Won"
"980944","160","7","3","20","6.6667","1","3","6","200.0000","1","1","100.0000","0","30","439","11.4522","21","58","374","125.5034","28","133","111.7647","36","1031","8.8625","37","65","515","114.1907","29","143","110.8527","Lost"
"1082605","188","55","3","20","6.6667","1","1","1","100.0000","0","43","165.3846","4","38","529","8.5323","34","3","3","30.0000","32","327","148.6364","48","1307","7.7798","62","4","15","83.3333","42","606","128.1184","Won"
"548341","189","55","4","25","8.3333","1","3","6","100.0000","0","19","111.7647","2","18","265","11.1189","12","4","22","100.0000","33","314","146.0465","34","999","8.7760","37","4","22","100.0000","56","766","127.0315","Won"
"392221","168","8","3","22","11.0000","0","3","3","75.0000","0","11","157.1429","1","64","831","9.4611","55","58","374","125.5034","18","112","130.2326","82","2411","8.1499","100","65","515","114.1907","19","124","129.1667","Lost"
"392200","139","34","3","21","7.0000","2","3","31","103.3333","3","2","66.6667","0","64","776","9.5215","41","21","137","104.5802","8","40","88.8889","101","2703","7.9383","99","27","198","92.9577","11","55","79.7101","Won"
"1082609","159","11","1","21","7.0000","0","1","2","200.0000","0","2","66.6667","0","16","179","9.1795","11","9","14","70.0000","15","33","75.0000","21","611","8.6667","23","11","26","76.4706","17","45","77.5862","Won"
"1082642","168","25","4","18","6.0000","1","2","48","123.0769","6","5","166.6667","0","13","167","8.7130","9","47","593","146.0591","5","9","75.0000","16","525","8.7258","19","79","1648","117.7143","5","9","75.0000","Won"
"1082592","184","13","7","15","15.0000","0","2","10","100.0000","1","71","139.2157","8","44","518","10.7917","27","109","2076","177.4359","32","535","175.4098","81","1785","8.9324","67","143","3560","137.2927","62","1713","132.9969","Lost"
"1082650","129","11","7","22","7.3333","1","2","3","50.0000","0","51","104.0816","4","39","419","9.6692","28","47","593","146.0591","32","535","175.4098","48","1522","8.2344","64","79","1648","117.7143","62","1713","132.9969","Won"
"419157","182","51","3","14","14.0000","0","2","22","84.6154","0","5","125.0000","0","79","1300","9.2747","79","7","80","123.0769","11","20","76.9231","103","2815","8.3697","137","9","123","123.0000","12","24","68.5714","Won"
"419165","145","17","3","16","5.3333","1","2","19","158.3333","3","51","130.7692","4","8","96","12.0000","4","17","41","68.3333","3","81","180.0000","13","364","7.7447","22","17","41","68.3333","7","203","130.1282","Won"
"419125","171","14","3","18","6.0000","0","3","1","20.0000","0","1","50.0000","0","8","96","12.0000","4","16","179","140.9449","28","133","111.7647","13","364","7.7447","22","20","285","110.0386","29","143","110.8527","Won"
"598016","183","46","2","15","7.5000","1","1","5","55.5556","0","7","87.5000","1","44","518","10.7917","27","33","155","103.3333","19","65","89.0411","81","1785","8.9324","67","33","158","100.6369","19","66","88.0000","Won"
"598018","180","55","4","27","9.0000","1","3","3","60.0000","0","1","100.0000","0","33","336","8.7273","21","28","214","131.2883","9","76","126.6667","91","2059","7.5513","82","34","317","115.6934","21","280","90.0322","Won"
"598009","130","7","4","22","7.3333","0","2","14","127.2727","1","42","95.4545","2","78","1137","10.5604","60","22","214","146.5753","9","76","126.6667","102","2972","8.4753","125","23","280","145.0777","21","280","90.0322","Lost"
"598056","223","90","3","12","12.0000","0","2","35","116.6667","4","7","70.0000","1","38","529","8.5323","34","28","214","131.2883","31","162","108.7248","48","1307","7.7798","62","34","317","115.6934","32","166","105.0633","Won"
"501261","135","26","4","12","6.0000","2","1","12","133.3333","2","16","160.0000","2","6","80","11.7073","7","86","1352","172.6692","71","617","156.9975","8","206","8.2953","10","112","2354","147.6788","82","799","143.4470","Won"
"501223","118","5","7","19","6.3333","0","1","12","80.0000","1","14","116.6667","2","24","207","8.0649","8","73","1314","182.2469","20","293","160.9890","55","1418","7.4047","39","153","4207","131.3456","36","974","130.7383","Lost"
"501244","169","28","4","5","5.0000","1","0","5","100.0000","0","10","200.0000","2","50","617","10.2833","28","43","227","107.5829","7","100","178.5714","89","2348","8.0873","74","49","340","94.1828","21","280","112.0000","Won"
"501208","163","20","3","27","9.0000","1","3","11","137.5000","1","6","150.0000","1","32","462","9.9712","30","31","162","108.7248","43","227","107.5829","46","1328","8.1306","60","32","166","105.0633","49","340","94.1828","Won"
"598017","165","16","4","25","8.3333","0","2","26","162.5000","2","4","200.0000","0","64","831","9.4611","55","80","753","137.6600","23","345","182.5397","82","2411","8.1499","100","108","1732","123.8027","28","439","166.2879","Lost"
"598031","185","11","5","11","11.0000","0","1",NULL,NULL,NULL,"5","100.0000","0","69","927","9.9499","54","23","345","182.5397","54","686","175.0000","94","2490","8.0323","100","28","439","166.2879","81","1262","127.2177","Lost"
"598007","148","12","2","27","9.0000","2","3","51","204.0000","8","0","0.0000","0","41","542","10.6623","28","109","2076","177.4359","2","6","46.1538","63","1733","7.6795","82","143","3560","137.2927","2","6","46.1538","Won"
"729294","166","6","5","21","10.5000","0","3","8","88.8889","1","46","135.2941","5","49","460","8.5981","31","2","13","61.9048","50","869","172.0792","128","3315","7.7604","133","3","42","91.3043","73","1993","125.2671","Lost"
"734010","186","26","4","17","5.6667","2","2","30","187.5000","4","1","33.3333","0","21","265","7.8713","22","37","488","151.0836","4","18","81.8182","26","725","7.5000","39","57","893","136.3359","4","19","82.6087","Won"
"734016","201","76","1","13","4.3333","1","1","50","128.2051","6","1","100.0000","0","43","483","9.7905","22","47","593","146.0591","3","9","69.2308","72","1914","8.1159","81","79","1648","117.7143","3","9","69.2308","Won"
"392235","150","28","1","22","7.3333","1","3","10","200.0000","2","6","75.0000","0","26","313","9.0288","21","10","39","102.6316","14","42","73.6842","29","815","7.5697","38","12","39","95.1220","14","42","72.4138","Won"
"392225","166","57","1","22","7.3333","2","2","16","88.8889","0","5","83.3333","0","42","458","9.6084","26","80","753","137.6600","10","39","102.6316","90","2399","7.5798","99","108","1732","123.8027","12","39","95.1220","Won"
"392210","141","2","3","17","5.6667","2","2","3","75.0000","0","35","159.0909","4","6","85","10.2000","2","2","9","69.2308","13","120","116.5049","6","160","6.8571","6","2","9","69.2308","16","194","116.1677","Lost"
"392199","149","3","6","25","8.3333","0","3","20","181.8182","3","67","142.5532","7","78","1137","10.5604","60","25","244","131.8919","13","199","174.5614","102","2972","8.4753","125","38","514","109.3617","50","1159","115.7842","Lost"
"981022","162","5","4","28","9.3333","0","4","88","157.1429","13","27","245.4545","3","79","1058","10.7230","43","27","432","194.5946","16","172","157.7982","119","3342","7.9477","102","114","4014","142.8978","17","187","152.0325","Lost"
"419170","168","27","2","27","9.0000","1","4",NULL,NULL,NULL,NULL,NULL,NULL,"24","297","7.6154","28","24","108","100.0000","20","86","89.5833","27","716","7.4583","43","27","117","83.5714","20","88","88.8889","Won"
"419147","165","34","2","30","10.0000","0","5","25","156.2500","4","4","57.1429","0","24","297","7.6154","28","71","617","156.9975","6","36","138.4615","27","716","7.4583","43","82","799","143.4470","6","36","138.4615","Won"
"419137","163","6","4","18","9.0000","0","2",NULL,NULL,NULL,"13","185.7143","2","36","465","8.9711","14","71","617","156.9975","17","164","138.9831","38","1126","7.7211","30","82","799","143.4470","24","270","117.3913","Lost"
"548350","152","12","8","25","8.3333","0","4","75","129.3103","9",NULL,NULL,NULL,"66","1013","10.1300","57","28","410","157.0881","18","269","157.3099","93","2802","8.6660","107","105","3057","120.7823","22","506","130.4124","Won"
"548322","197","32","1","24","8.0000","3","4","1","33.3333","0","2","50.0000","0","41","542","10.6623","28","4","22","100.0000","14","42","73.6842","63","1733","7.6795","82","4","22","100.0000","14","42","72.4138","Won"
"548331","196","11","5","33","11.0000","0","7","45","250.0000","8","1","100.0000","0","76","806","8.0600","54","37","606","164.6739","12","96","131.5068","90","2375","6.9041","100","63","1400","125.8993","17","170","127.8195","Lost"
"548383","162","26","4","17","5.6667","0","1",NULL,NULL,NULL,"14","140.0000","2","71","790","7.2588","60","56","663","150.3401","22","252","147.3684","81","2085","6.4785","109","82","1150","121.4361","29","353","130.2583","Won"
"829758","192","99","2","9","4.5000","0","1","10","52.6316","0","2","50.0000","0","52","713","9.6787","43","6","29","85.2941","3","8","80.0000","75","2088","8.1669","91","7","33","76.7442","4","12","70.5882","Won"
"829746","191","14","4","30","10.0000","0","4","8","200.0000","1","4","100.0000","0","49","802","10.3041","42","24","141","106.0150","32","327","148.6364","60","1849","8.9612","76","26","151","98.6928","42","606","128.1184","Lost"
"829714","162","32","2","16","5.3333","0","1",NULL,NULL,NULL,"0","0.0000","0","38","529","8.5323","34","3","8","80.0000","6","29","85.2941","48","1307","7.7798","62","4","12","70.5882","7","33","76.7442","Won"
"829780","172","33","4","8","4.0000","0","1",NULL,NULL,NULL,"11","110.0000","1","78","1137","10.5604","60","24","141","106.0150","37","482","166.7820","102","2972","8.4753","125","26","151","98.6928","78","1557","130.8403","Won"
"829764","150","25","2","30","10.0000","0","4","1","50.0000","0","0","0.0000","0","79","1058","10.7230","43","24","141","106.0150","6","29","85.2941","119","3342","7.9477","102","26","151","98.6928","7","33","76.7442","Won"
"598015","114","6","3","13","4.3333","1","1","3","100.0000","0","16","123.0769","2","64","776","9.5215","41","31","162","108.7248","43","227","107.5829","101","2703","7.9383","99","32","166","105.0633","49","340","94.1828","Lost"
"501241","165","23","4","23","7.6667","1","3",NULL,NULL,NULL,"1","100.0000","0","24","297","7.6154","28","43","227","107.5829","25","277","150.5435","27","716","7.4583","43","49","340","94.1828","31","420","123.8938","Won"
"392211","163","29","2","16","8.0000","0","2","1","50.0000","0",NULL,NULL,NULL,"58","877","10.4821","39","43","227","107.5829","17","41","68.3333","73","2083","8.2659","85","49","340","94.1828","17","41","68.3333","Won"
"1082623","207","33","3","36","12.0000","1","7","2","100.0000","0","14","140.0000","2","64","794","9.0398","63","18","81","109.4595","6","29","85.2941","88","2537","7.9780","121","20","112","109.8039","7","33","76.7442","Won"
"598078","148","42","1","16","5.3333","1","1","47","120.5128","5","0","0.0000","0","44","518","10.7917","27","109","2076","177.4359","18","81","109.4595","81","1785","8.9324","67","143","3560","137.2927","20","112","109.8039","Won"
"598020","159","36","3","23","7.6667","1","3","13","130.0000","1","5","100.0000","0","51","767","11.1699","35","57","637","157.6733","23","345","182.5397","75","2103","8.3232","82","67","975","142.7526","28","439","166.2879","Won"
"598035","159","15","5",NULL,NULL,NULL,NULL,"53","165.6250","8","0","0.0000","0","13","169","10.0396","11","109","2076","177.4359","23","345","182.5397","20","400","9.1603","19","143","3560","137.2927","28","439","166.2879","Lost"
"1082595","157","19","3",NULL,NULL,NULL,NULL,"57","162.8571","7","6","50.0000","0","12","129","10.6027","9","9","86","179.1667","43","227","107.5829","36","802","7.6992","34","24","564","151.6129","49","340","94.1828","Won"
"419140","181","34","6",NULL,NULL,NULL,NULL,"7","100.0000","0","44","125.7143","5","19","229","9.3469","9","14","144","135.8491","20","293","160.9890","37","750","8.1967","19","39","676","117.9756","36","974","130.7383","Won"
"419111","161","17","3","26","8.6667","1","4","6","150.0000","1","1","50.0000","0","46","631","11.2012","13","14","144","135.8491","3","7","77.7778","76","2291","8.4280","59","39","676","117.9756","4","8","72.7273","Won"
"419150","184","9","7","30","10.0000","1","3","43","195.4545","6","78","136.8421","9","78","1137","10.5604","60","20","293","160.9890","14","144","135.8491","102","2972","8.4753","125","36","974","130.7383","39","676","117.9756","Lost"
"1082615","176","11","6","32","16.0000","0","5","11","220.0000","2","54","174.1935","7","16","179","9.1795","11","47","593","146.0591","109","2076","177.4359","21","611","8.6667","23","79","1648","117.7143","143","3560","137.2927","Lost"
"1082629","161","8","5","18","9.0000","1","2","98","163.3333","12","10","166.6667","1","49","802","10.3041","42","7","76","168.8889","25","277","150.5435","60","1849","8.9612","76","11","316","142.9864","31","420","123.8938","Lost"
"1082610","213","26","4","41","13.6667","0","6","2","100.0000","0","39","260.0000","6","4","50","8.3333","4","3","38","172.7273","7","61","156.4103","5","185","10.2778","5","3","53","182.7586","15","319","129.6748","Won"
"734036","173","25","6","29","9.6667","0","4","42","168.0000","4","2","100.0000","0","41","688","9.8286","27","50","869","172.0792","37","488","151.0836","47","1433","8.2435","53","73","1993","125.2671","57","893","136.3359","Won"
"729306","184","20","6","26","8.6667","0","4","17","170.0000","2","12","400.0000","2","72","1006","8.7478","65","47","593","146.0591","50","869","172.0792","90","2404","7.2812","117","79","1648","117.7143","73","1993","125.2671","Won"
"729284","163","47","4","10","5.0000","0","0","4","66.6667","0","4","133.3333","1","49","460","8.5981","31","86","1352","172.6692","6","55","125.0000","128","3315","7.7604","133","112","2354","147.6788","13","169","113.4228","Won"
"548315","157","27","3","20","6.6667","0","3","8","133.3333","1",NULL,NULL,NULL,"78","1137","10.5604","60","1","12","133.3333","20","116","145.0000","102","2972","8.4753","125","1","12","133.3333","20","126","141.5730","Won"
"548377","215","30","3","22","11.0000","1","3","25","208.3333","3","5","166.6667","1","5","64","9.8462","5","17","287","181.6456","22","252","147.3684","8","226","8.8052","9","25","574","173.4139","29","353","130.2583","Won"
"501229","172","44","2","21","7.0000","1","2","20","133.3333","3",NULL,NULL,NULL,"38","348","8.3855","25","43","227","107.5829","15","33","75.0000","134","3453","7.0976","136","49","340","94.1828","17","45","77.5862","Won"
"501264","136","4","6","22","7.3333","1","2","13","118.1818","1","1","33.3333","0","23","289","8.4175","19","25","277","150.5435","7","100","178.5714","26","731","7.6678","31","31","420","123.8938","21","280","112.0000","Lost"
"501266","152","19","6","32","10.6667","1","4","2","100.0000","0","47","123.6842","5","24","297","7.6154","28","18","269","157.3099","37","606","164.6739","27","716","7.4583","43","22","506","130.4124","63","1400","125.8993","Won"
"980936","185","21","3","6","3.0000","2","1","17","212.5000","2","0","0.0000","0","12","198","11.1028","9","41","251","145.9302","8","48","141.1765","14","450","8.5174","20","47","342","120.4225","10","87","129.8507","Won"
"981010","172","23","4","20","6.6667","1","1","42","161.5385","5","1","100.0000","0","29","334","9.1091","16","109","2076","177.4359","31","157","108.2759","59","1584","7.5971","61","143","3560","137.2927","36","231","96.2500","Lost"
"980970","162","3","7","44","14.6667","0","6","13","325.0000","2","59","125.5319","6","18","260","11.2230","15","22","266","153.7572","28","410","157.0881","31","960","9.2160","27","30","423","138.6885","105","3057","120.7823","Lost"
"829804","185","28","3","28","9.3333","0","4","67","176.3158","7",NULL,NULL,NULL,"46","631","11.2012","13","41","672","192.5501","2","1","33.3333","76","2291","8.4280","59","64","1563","141.8330","2","1","33.3333","Won"
"829802","157","27","2","29","9.6667","1","3","4","80.0000","0",NULL,NULL,NULL,"79","1300","9.2747","79","23","345","182.5397","8","48","141.1765","103","2815","8.3697","137","28","439","166.2879","10","87","129.8507","Won"
"829720","184","12","3","29","9.6667","1","4","7","233.3333","1","0","0.0000","0","23","225","8.7097","10","23","345","182.5397","6","47","180.7692","44","1095","8.3059","28","28","439","166.2879","8","54","158.8235","Lost"
"980984","137","14","5","20","6.6667","2","4","16","145.4545","1","22","129.4118","2","64","794","9.0398","63","22","266","153.7572","109","2076","177.4359","88","2537","7.9780","121","30","423","138.6885","143","3560","137.2927","Won"
"419152","138","2","6","24","8.0000","1","2","26","123.8095","3","13","162.5000","1","21","192","8.9302","8","20","293","160.9890","20","168","152.7273","68","1133","7.5366","30","36","974","130.7383","88","2385","135.8974","Lost"
"419168","142","39","1",NULL,NULL,NULL,NULL,"1","50.0000","0","0","0.0000","0","21","192","8.9302","8","18","16","38.0952","27","50","71.4286","68","1133","7.5366","30","19","16","36.3636","28","52","68.4211","Won"
"419146","159","6","3","13","6.5000","1","2","71","173.1707","10","3","100.0000","0","43","465","9.1176","25","73","1314","182.2469","27","50","71.4286","75","1944","7.7450","73","153","4207","131.3456","28","52","68.4211","Won"
"980958","194","22","5","30","10.0000","0","4","5","125.0000","0","24","171.4286","2","72","1006","8.7478","65","4","17","85.0000","37","488","151.0836","90","2404","7.2812","117","4","17","85.0000","57","893","136.3359","Won"
"598046","186","19","7","32","10.6667","0","4","73","146.0000","10","48","200.0000","7","79","1300","9.2747","79","21","262","161.7284","41","672","192.5501","103","2815","8.3697","137","69","2489","133.3869","64","1563","141.8330","Won"
"981024","208","18","4","20","6.6667","0","3","2","66.6667","0","15","214.2857","2","72","1006","8.7478","65","2","3","60.0000","7","95","163.7931","90","2404","7.2812","117","2","3","60.0000","10","137","138.3838","Won"
"980974","191","4","7","19","6.3333","0","1","5","71.4286","0","102","182.1429","14","51","767","11.1699","35","5","100","181.8182","59","993","190.9615","75","2103","8.3232","82","10","205","139.4558","141","4413","130.0619","Lost"
"548326","157","2","5","12","6.0000","0","1","97","153.9683","14","23","153.3333","3","5","49","11.7600","0","7","123","178.2609","16","179","140.9449","20","442","7.3463","12","36","1001","134.9057","20","285","110.0386","Lost"
"548338","192","26","4","17","5.6667","2","3","24","133.3333","3","7","350.0000","1","11","193","10.4324","5","16","179","140.9449","43","410","142.3611","15","416","7.9238","16","20","285","110.0386","93","1553","119.0951","Won"
"548375","140","33","1","15","5.0000","3","2","3","75.0000","0",NULL,NULL,NULL,"71","790","7.2588","60","27","50","71.4286","10","39","102.6316","81","2085","6.4785","109","28","52","68.4211","12","39","95.1220","Won"
"336001","178","17","1","25","8.3333","1","2","1","100.0000","0",NULL,NULL,NULL,"7","106","12.2308","3","9","49","144.1176","31","162","108.7248","15","421","9.8672","13","11","76","138.1818","32","166","105.0633","Won"
"501203","153","9","4","25","8.3333","0","4","12","150.0000","2",NULL,NULL,NULL,"19","294","10.8889","7","20","213","129.8780","41","251","145.9302","29","930","8.4545","25","33","399","114.0000","47","342","120.4225","Won"
"734054","199","5","3","38","12.6667","0","4","1","50.0000","0","9","225.0000","1","25","312","11.0118","16","18","46","86.7925","58","374","125.5034","33","1045","8.4048","43","30","271","147.2826","65","515","114.1907","Lost"
"733984","170","17","4","16","5.3333","3","3","6","50.0000","0","20","181.8182","2","69","927","9.9499","54","29","278","156.1798","21","247","155.3459","94","2490","8.0323","100","42","608","131.8872","32","500","130.8901","Won"
"729320","152","12","3","17","5.6667","1","3","20","153.8462","2","0","0.0000","0","12","198","11.1028","9","21","247","155.3459","58","374","125.5034","14","450","8.5174","20","32","500","130.8901","65","515","114.1907","Lost"
"734020","142","10","7","24","8.0000","0","4","38","140.7407","4","13","108.3333","1","72","1006","8.7478","65","65","930","167.8700","17","212","151.4286","90","2404","7.2812","117","133","2922","146.9819","21","326","138.7234","Lost"
"1082616","188","36","3","31","10.3333","2","6","3","50.0000","0","57","135.7143","6","36","509","11.0253","26","5","28","100.0000","60","704","158.2022","56","1623","7.9494","76","5","28","100.0000","134","2903","126.2174","Won"
"1082637","189","8","6","23","11.5000","1","3","28","140.0000","2","6","120.0000","0","2","16","9.6000","0","60","704","158.2022","80","753","137.6600","6","116","9.1579","2","134","2903","126.2174","108","1732","123.8027","Lost"
"336045","163","8","3","34","11.3333","0","6","5","125.0000","0","7","116.6667","1","58","877","10.4821","39","3","12","120.0000","21","137","104.5802","73","2083","8.2659","85","5","36","128.5714","27","198","92.9577","Lost"
"336024","221","44","3","8","2.6667","1","1",NULL,NULL,NULL,"22","122.2222","3","64","776","9.5215","41","5","7","58.3333","8","40","88.8889","101","2703","7.9383","99","5","7","58.3333","11","55","79.7101","Won"
"336020","156","2","3","34","17.0000","0","5","1","33.3333","0","4","200.0000","1","11","81","7.7143","11","8","40","88.8889","2","37","168.1818","17","511","9.0442","22","11","55","79.7101","6","121","101.6807","Lost"
"336041","145","15","5","14","4.6667","2","1","30","120.0000","2","19","111.7647","1","9","132","9.4286","7","2","37","168.1818","80","753","137.6600","10","306","7.8462","19","6","121","101.6807","108","1732","123.8027","Lost"
"598042","174","17","1","32","10.6667","1","5","14","175.0000","2","0","0.0000","0","43","483","9.7905","22","51","294","113.5135","5","5","35.7143","72","1914","8.1159","81","57","340","108.9744","5","5","35.7143","Won"
"598030","185","16","7","19","9.5000","0","2","65","175.6757","8","76","133.3333","7","3","45","11.7391","1","41","672","192.5501","14","110","126.4368","6","125","10.5634","2","64","1563","141.8330","58","1112","121.1329","Lost"
"598061","150","40","3","14","4.6667","4","1","24","66.6667","1","3","75.0000","0","8","112","13.4400","4","7","67","136.7347","4","18","150.0000","19","354","9.0000","14","16","302","124.2798","4","18","150.0000","Won"
"598041","171","6","6","32","10.6667","0","5","1","100.0000","0","32","188.2353","3","78","1137","10.5604","60","33","314","146.0465","37","606","164.6739","102","2972","8.4753","125","56","766","127.0315","63","1400","125.8993","Lost"
